{"cameraMode":{"drawMode":0,"name":"Shaded","section":"Shading Mode"},"sceneLighting":true,"audioPlay":false,"sceneViewState":{"m_AlwaysRefresh":false,"showFog":true,"showSkybox":true,"showFlares":true,"showImageEffects":true,"showParticleSystems":true,"showVisualEffectGraphs":true,"m_FxEnabled":true},"in2DMode":false,"pivot":{"x":82.66178894042969,"y":6.1748857498168949,"z":91.37743377685547},"rotation":{"x":0.006059926003217697,"y":0.8285026550292969,"z":-0.00894891656935215,"w":0.5599057078361511},"size":18.558252334594728,"orthographic":false}